{
  "playType": "basketball",
  "playName": "竞彩篮球",
  "mappings": {
    "SF": {
      "name": "胜负",
      "options": {
        "主胜": "3",
        "主负": "0"
      }
    },
    "RFSF": {
      "name": "让分胜负", 
      "options": {
        "让分主胜": "31",
        "让分客胜": "30"
      }
    },
    "SFC": {
      "name": "胜分差",
      "options": {
        "主胜1-5": "11",
        "主胜6-10": "12", 
        "主胜11-15": "13",
        "主胜16-20": "14",
        "主胜21-25": "15",
        "主胜26+": "16",
        "客胜1-5": "21",
        "客胜6-10": "22",
        "客胜11-15": "23", 
        "客胜16-20": "24",
        "客胜21-25": "25",
        "客胜26+": "26"
      }
    },
    "DXF": {
      "name": "大小分",
      "options": {
        "大": "1",
        "小": "0"
      }
    },
    "BIFEN": {
      "name": "比分",
      "scoreMapping": {
        "20:0": "200",
        "20:1": "201", 
        "20:2": "202",
        "20:3": "203",
        "20:4": "204",
        "20:5": "205",
        "19:0": "190",
        "19:1": "191",
        "19:2": "192", 
        "19:3": "193",
        "19:4": "194",
        "19:5": "195",
        "18:0": "180",
        "18:1": "181",
        "18:2": "182",
        "18:3": "183",
        "18:4": "184",
        "18:5": "185",
        "17:0": "170",
        "17:1": "171",
        "17:2": "172",
        "17:3": "173",
        "17:4": "174",
        "17:5": "175",
        "16:0": "160",
        "16:1": "161",
        "16:2": "162",
        "16:3": "163",
        "16:4": "164",
        "16:5": "165",
        "15:0": "150",
        "15:1": "151",
        "15:2": "152",
        "15:3": "153",
        "15:4": "154",
        "15:5": "155",
        "14:0": "140",
        "14:1": "141",
        "14:2": "142",
        "14:3": "143",
        "14:4": "144",
        "14:5": "145",
        "13:0": "130",
        "13:1": "131",
        "13:2": "132",
        "13:3": "133",
        "13:4": "134",
        "13:5": "135",
        "12:0": "120",
        "12:1": "121",
        "12:2": "122",
        "12:3": "123",
        "12:4": "124",
        "12:5": "125",
        "11:0": "110",
        "11:1": "111",
        "11:2": "112",
        "11:3": "113",
        "11:4": "114",
        "11:5": "115",
        "10:0": "100",
        "10:1": "101",
        "10:2": "102",
        "10:3": "103",
        "10:4": "104",
        "10:5": "105",
        "9:0": "090",
        "9:1": "091",
        "9:2": "092",
        "9:3": "093",
        "9:4": "094",
        "9:5": "095",
        "8:0": "080",
        "8:1": "081",
        "8:2": "082",
        "8:3": "083",
        "8:4": "084",
        "8:5": "085",
        "7:0": "070",
        "7:1": "071",
        "7:2": "072",
        "7:3": "073",
        "7:4": "074",
        "7:5": "075",
        "6:0": "060",
        "6:1": "061",
        "6:2": "062",
        "6:3": "063",
        "6:4": "064",
        "6:5": "065",
        "5:0": "050",
        "5:1": "051",
        "5:2": "052",
        "5:3": "053",
        "5:4": "054",
        "5:5": "055",
        "4:0": "040",
        "4:1": "041",
        "4:2": "042",
        "4:3": "043",
        "4:4": "044",
        "4:5": "045",
        "3:0": "030",
        "3:1": "031",
        "3:2": "032",
        "3:3": "033",
        "3:4": "034",
        "3:5": "035",
        "2:0": "020",
        "2:1": "021",
        "2:2": "022",
        "2:3": "023",
        "2:4": "024",
        "2:5": "025",
        "1:0": "010",
        "1:1": "011",
        "1:2": "012",
        "1:3": "013",
        "1:4": "014",
        "1:5": "015",
        "0:0": "000",
        "0:1": "001",
        "0:2": "002",
        "0:3": "003",
        "0:4": "004",
        "0:5": "005",
        "1:6": "016",
        "2:6": "026",
        "3:6": "036",
        "4:6": "046",
        "5:6": "056",
        "6:6": "066",
        "0:6": "006"
      }
    }
  }
}