{
  "playType": "football", 
  "playName": "竞彩足球",
  "mappings": {
    "SPF": {
      "name": "胜平负",
      "options": {
        "主胜": "3",
        "平": "1", 
        "客胜": "0"
      }
    },
    "RQSPF": {
      "name": "让球胜平负",
      "options": {
        "让球主胜": "31",
        "让球平": "11",
        "让球客胜": "30"
      }
    },
    "BIFEN": {
      "name": "比分",
      "scoreMapping": {
        "1:0": "10",
        "2:0": "20",
        "2:1": "21", 
        "3:0": "30",
        "3:1": "31",
        "3:2": "32",
        "4:0": "40",
        "4:1": "41",
        "4:2": "42",
        "5:0": "50",
        "5:1": "51",
        "5:2": "52",
        "0:0": "00",
        "1:1": "11",
        "2:2": "22",
        "3:3": "33",
        "0:1": "01",
        "0:2": "02",
        "1:2": "12",
        "0:3": "03",
        "1:3": "13", 
        "2:3": "23",
        "0:4": "04",
        "1:4": "14",
        "2:4": "24",
        "0:5": "05",
        "1:5": "15",
        "2:5": "25",
        "胜其他": "90",
        "平其他": "99",
        "负其他": "09"
      }
    },
    "TG": {
      "name": "总进球",
      "options": {
        "0球": "0",
        "1球": "1",
        "2球": "2", 
        "3球": "3",
        "4球": "4",
        "5球": "5",
        "6球": "6",
        "7+球": "7"
      }
    },
    "BQC": {
      "name": "半全场",
      "options": {
        "胜胜": "33",
        "胜平": "31",
        "胜负": "30",
        "平胜": "13",
        "平平": "11", 
        "平负": "10",
        "负胜": "03",
        "负平": "01",
        "负负": "00"
      }
    }
  }
}